AA,1,2,3,4,5,6,7,8,9,10,11,12,13,14,15,16,17,18,19,20,21,22,23,24,25,26,27,28,29,30,31,32,33,34,35,36,37,38,39,40,41,42,43,44,45,46,47,48,49,50,51,52,53,54,55,56,57,58,59,60,61,62,63,64,65,66,67,68,69,70,71,72,73,74,75,76,77,78,79,80,81,82,83,84,85,86,87,88,89,90,91,92,93,94,95,96
A,0.0,0.0,0.0,0.0,0.0,0.0,0.0,0.0,0.0,0.0,0.0,0.0,0.0,0.0,0.0,0.0,0.0,0.0,0.0,0.0,0.0,0.0017675345201710047,0.006501400812472094,0.0005663884353249021,0.02526903159266569,0.012083501809718122,0.0003220880351406663,0.00035770910995069904,0.012439834332870214,0.00674699223273649,0.020453989854972376,0.0032533337018878505,0.0020589683919015056,0.0005084083134000005,0.0020439352953404155,0.0038785631624533856,0.0,0.0006676400596982712,0.0107047484578243,0.0012588467408887194,0.0030590223268046612,0.012928077783700004,0.0064080626292994936,0.001060503073348101,0.030540421184603206,0.0009447019382946981,0.005665365549962602,0.015168018428112273,0.005415662101130897,0.02557174375145299,0.013728684251587697,0.04165491201750693,0.006488157557205776,0.07320602999014958,0.057487229632762316,0.03766561675121827,0.0006962962643750625,0.02243352368005347,0.00478620087984849,0.010696132783320988,0.008828776494255619,0.0011476137209514015,0.0,0.0,0.00422013277684985,0.0,0.0024331463009388266,0.010643011054182305,0.0019490828954518147,0.0,0.004698970962592863,0.0003320246412340522,0.0053028942362834015,0.003330283282105939,0.0,0.02409185988897619,0.005471034105150707,0.00019035856472549018,0.0,0.0,0.0,0.004280853108306726,0.014494023553492275,0.0028222947379916985,0.0033654554020441374,0.0007913019737444404,0.0018334714139425223,0.0029638275043006035,0.006596061666106809,0.0001129848723002997,0.0027395671321744017,0.0021910888642069993,0.0,0.0,0.0,0.0
R,0.0,0.0,0.0,0.0,0.0,0.0,0.0,0.0,0.0,0.0,0.0,0.0,0.0,0.0,0.0,0.0,0.0,0.0,0.0,0.0,0.0,0.0015738780325613017,0.0435558409231593,0.0030206544905496055,0.008410564928617137,0.012083501809718122,0.006567340115725684,0.00035770910995069904,0.011911701690677012,0.006967565335873505,0.02271016053914221,0.0032533337018878505,0.0020589683919015056,0.0092562524548927,0.042293831050003505,0.0038785631624533856,1.312849490273814,0.025849993640635102,0.009260938537973898,0.0019331384240190985,0.0011025091962985067,0.014884590914205992,0.0064080626292994936,0.035818281626786186,0.02166961292422498,0.025552414938960988,0.007117978883703899,0.007458095737773104,0.0028393993162416087,0.02123602912550926,0.01043904024966441,0.028413934102429983,0.006488157557205776,0.08828217218474521,0.05900222261944821,0.0032699784190684013,0.0006962962643750625,0.0,0.04897993749281215,0.010696132783320988,0.008828776494255619,0.0019812881344155042,0.5899005303664386,0.0,0.00422013277684985,0.0,0.0024331463009388266,0.024544091189607542,0.0019490828954518147,0.0,0.004050780648414132,0.0007158275619969512,0.0053028942362834015,0.003330283282105939,1.296577954174302,0.008572044238653376,0.010845469269331165,0.00019035856472549018,0.0,0.0,1.34047102043046,0.0031116864611537842,0.014247381457590746,0.0028222947379916985,0.0033654554020441374,0.0007913019737444404,0.004555503810255601,0.0,0.01180359091200231,0.021250433210256103,0.007047178562626211,0.003191249743243101,0.0,0.0,0.0,0.0
N,0.0,0.0,0.0,0.0,0.0,0.0,0.0,0.0,0.0,0.0,0.0,0.0,0.0,0.0,0.0,0.0,0.0,0.0,0.0,0.0,0.0,0.0024873351856555016,0.006501400812472094,0.0030206544905496055,0.021974795427857186,0.014337446659742015,0.0003220880351406663,0.00035770910995069904,0.018153437501628705,0.007654625765094791,0.021868038996024186,0.0032533337018878505,0.0,0.00041960208238539867,0.004423875754389739,0.0038785631624533856,1.312849490273814,0.002076567757482904,0.010774956190112789,0.0012588467408887194,0.0011025091962985067,0.0,0.0064080626292994936,0.008152699692066605,0.023521639653641624,0.0,0.0065656091216874,0.007458095737773104,0.008873541613577798,0.013294553399347375,0.0001683523136990009,0.05844195458457335,0.006488157557205776,0.06455068722248325,0.057487229632762316,0.0019320710461804003,0.0006962962643750625,1.7266447429436274,0.00478620087984849,0.010696132783320988,0.008828776494255619,0.0013551266176732857,0.5899005303664386,0.0,0.00422013277684985,0.0,0.0024331463009388266,0.0019197654336834402,0.0019490828954518147,0.0,0.004050780648414132,0.0007158275619969512,0.0053028942362834015,0.003330283282105939,1.296577954174302,0.008572044238653376,0.005471034105150707,0.00019035856472549018,0.0,0.0,1.34047102043046,0.00807588342150023,0.014247381457590746,0.0028222947379916985,0.0033654554020441374,0.0007913019737444404,0.004203779681314357,0.056913837189099196,0.00027179843413229626,0.0016127558613832013,0.0033327009675404003,0.012308849773453201,0.0,0.0,0.0,0.0
D,0.0,0.0,0.0,0.0,0.0,0.0,0.0,0.0,0.0,0.0,0.0,0.0,0.0,0.0,0.0,0.0,0.0,0.0,0.0,0.0,0.0,0.005446752913222799,0.006501400812472094,0.0030206544905496055,0.0365518405222951,0.012083501809718122,0.0003220880351406663,0.00035770910995069904,0.0,0.020936018058437,0.027416083760413268,0.0032533337018878505,0.10316704466365506,0.00041960208238539867,0.0020439352953404155,0.0038785631624533856,1.312849490273814,0.002076567757482904,0.008822378174765708,0.0012588467408887194,0.0011025091962985067,0.0954686691715092,0.0064080626292994936,0.001060503073348101,0.02339708978172761,0.0689778368666808,0.007117978883703899,0.007458095737773104,0.011129053406322004,0.013294553399347375,0.025080019130248293,0.04165491201750693,0.006488157557205776,0.06455068722248325,0.034833644951364096,0.0032699784190684013,0.0006962962643750625,1.7266447429436274,0.00478620087984849,0.010696132783320988,0.008828776494255619,0.0013551266176732857,0.5899005303664386,1.5442512017917622,0.00422013277684985,0.0,0.0,0.0019197654336834402,0.00048406340548690086,0.0,0.004050780648414132,0.0007158275619969512,0.0053028942362834015,0.003330283282105939,1.296577954174302,0.008572044238653376,0.005471034105150707,0.00019035856472549018,1.5442512017917622,0.0,1.34047102043046,0.004280853108306726,0.0,0.0028222947379916985,0.0033654554020441374,0.00942532101974991,0.0035790826672601472,0.0587161724180326,0.004378557666831401,0.0007677676654599995,0.010071787206747299,0.002742633659608803,0.0,0.0,0.0,0.0
C,0.0,0.0,0.0,0.0,0.0,0.0,0.0,0.0,0.0,0.0,0.0,0.0,0.0,0.0,0.0,0.0,0.0,0.0,0.0,0.0,0.0,0.0017865845065580047,0.006501400812472094,0.0030206544905496055,0.021974795427857186,0.012083501809718122,0.0003220880351406663,0.00035770910995069904,0.2350828478986278,0.006967565335873505,0.021868038996024186,0.0032533337018878505,0.118221105968558,0.00041960208238539867,0.0020439352953404155,0.0038785631624533856,1.312849490273814,0.0016285503468275037,0.010774956190112789,0.0012588467408887194,0.0011025091962985067,0.0954686691715092,0.007038077341735283,0.001060503073348101,0.023521639653641624,0.0689778368666808,0.007117978883703899,0.007458095737773104,0.0028393993162416087,0.013294553399347375,0.01043904024966441,0.04165491201750693,0.006488157557205776,0.06455068722248325,0.057487229632762316,0.0032699784190684013,0.0006962962643750625,1.7266447429436274,0.00478620087984849,0.010696132783320988,0.008828776494255619,0.0013551266176732857,0.5899005303664386,1.5442512017917622,0.00422013277684985,0.0,2.2137019321819147,0.0019197654336834402,0.0019490828954518147,0.0,0.004050780648414132,0.0007158275619969512,0.0053028942362834015,0.003330283282105939,1.296577954174302,0.008572044238653376,0.005471034105150707,0.00019035856472549018,1.5442512017917622,0.0,1.34047102043046,0.004280853108306726,1.7405147620752996,0.0028222947379916985,0.0033654554020441374,0.0007913019737444404,0.0024014444523809964,0.0587161724180326,0.002197037126668404,0.0007677676654599995,0.003307540170612605,0.002742633659608803,0.0,0.0,0.0,0.0
Q,0.0,0.0,0.0,0.0,0.0,0.0,0.0,0.0,0.0,0.0,0.0,0.0,0.0,0.0,0.0,0.0,0.0,0.0,0.0,0.0,0.0,0.00915040814751708,0.006501400812472094,0.0030206544905496055,0.021974795427857186,0.012083501809718122,0.0003220880351406663,0.004385672670729479,0.22067955762265068,0.0298475998804506,0.022916147768463402,0.0032533337018878505,0.118221105968558,0.00041960208238539867,0.0020439352953404155,0.0038785631624533856,1.312849490273814,0.002076567757482904,0.0,0.0012588467408887194,0.0011025091962985067,0.09802340204880611,0.0064080626292994936,0.001489450194688699,0.04133904562225854,0.0689778368666808,0.023517783980410805,0.006021482733546697,0.0039314472325298055,0.013294553399347375,0.0034699478037371057,0.04025516466811485,0.006488157557205776,0.07967803512097471,0.057487229632762316,0.0026053889076213983,0.0006962962643750625,1.7266447429436274,0.014529904475216598,0.010696132783320988,0.008828776494255619,0.0013551266176732857,0.5899005303664386,1.5442512017917622,0.00422013277684985,0.0,2.2137019321819147,0.0019197654336834402,0.0019490828954518147,0.0,0.004050780648414132,0.0007158275619969512,0.0053028942362834015,0.003330283282105939,1.296577954174302,0.008572044238653376,0.005471034105150707,0.00019035856472549018,1.5442512017917622,0.0,1.34047102043046,0.004280853108306726,1.7405147620752996,0.0028222947379916985,0.0033654554020441374,0.0007913019737444404,0.004051209871282824,0.0578611894431726,0.002197037126668404,0.0031717796559587973,0.003307540170612605,0.001196057541944899,0.0,0.0,0.0,0.0
E,0.0,0.0,0.0,0.0,0.0,0.0,0.0,0.0,0.0,0.0,0.0,0.0,0.0,0.0,0.0,0.0,0.0,0.0,0.0,0.0,0.0,0.0110900017759364,0.006501400812472094,0.0030206544905496055,0.011839807406428093,0.04097045745393807,0.0003220880351406663,0.00035770910995069904,0.2455681786698869,0.002606235280928182,0.015032787410998005,0.0032533337018878505,0.118221105968558,0.00041960208238539867,0.0020439352953404155,0.0,1.312849490273814,0.002076567757482904,0.1509165939006586,0.0012588467408887194,0.0011025091962985067,0.10605596463903219,0.0025294994668463855,0.0049390662358011,0.0,0.0689778368666808,0.007117978883703899,0.007458095737773104,0.0028393993162416087,0.020129804984373445,0.04620092626270361,0.04165491201750693,0.006488157557205776,0.06455068722248325,0.0,0.0032699784190684013,0.0006962962643750625,1.7266447429436274,0.00478620087984849,0.010696132783320988,0.008828776494255619,0.0013551266176732857,0.5899005303664386,1.5442512017917622,0.00422013277684985,0.0,2.2137019321819147,0.0019197654336834402,0.0019490828954518147,0.0,0.004050780648414132,0.0007158275619969512,0.0053028942362834015,0.003330283282105939,1.296577954174302,0.008572044238653376,0.005471034105150707,0.00019035856472549018,1.5442512017917622,0.0,1.34047102043046,0.004280853108306726,1.7683557438515396,0.0028222947379916985,0.0033654554020441374,0.0,0.004171956937460974,0.0695576827073646,0.002905063213310091,0.0007677676654599995,0.003307540170612605,0.002742633659608803,0.0,0.0,0.0,0.0
G,0.0,0.0,0.0,0.0,0.0,0.0,0.0,0.0,0.0,0.0,0.0,0.0,0.0,0.0,0.0,0.0,0.0,0.0,0.0,0.0,0.0,0.0,0.010859338006650995,0.010357516798398001,0.021974795427857186,0.0,0.0,0.00035770910995069904,0.2350828478986278,0.007952663392784998,0.021868038996024186,0.0032533337018878505,0.118221105968558,0.00041960208238539867,0.0020439352953404155,2.602573727427079,1.312849490273814,0.00013936308316789964,0.1520033246370369,0.0012588467408887194,0.0011025091962985067,0.08103301534991708,0.0064080626292994936,0.008397365381196599,0.9993584053521052,0.0692884275220022,0.0127143443251247,0.007458095737773104,0.000838040822993491,0.013294553399347375,0.01043904024966441,0.04165491201750693,0.006488157557205776,0.06455068722248325,1.0237594221869997,0.0032699784190684013,0.0006962962643750625,1.7266447429436274,0.00478620087984849,0.010696132783320988,0.008828776494255619,0.0013551266176732857,0.5899005303664386,1.5442512017917622,0.00422013277684985,0.0,2.2144293428947885,0.0019197654336834402,0.0,0.0,0.004050780648414132,0.0007158275619969512,0.0053028942362834015,0.003330283282105939,1.296577954174302,0.009290911757932702,0.005471034105150707,0.00019035856472549018,1.5442512017917622,2.65733024691358,1.34047102043046,0.004280853108306726,1.7405147620752996,0.0028222947379916985,0.0033654554020441374,1.2875527033444134,0.0031906055920799536,0.0604462748750655,0.0,0.0002877174087781015,0.008803465471871,0.004278669709963601,0.0,0.0,0.0,0.0
H,0.0,0.0,0.0,0.0,0.0,0.0,0.0,0.0,0.0,0.0,0.0,0.0,0.0,0.0,0.0,0.0,0.0,0.0,0.0,0.0,0.0,0.0416512709477449,0.006501400812472094,0.0006207189140555007,0.021974795427857186,0.4636866079893404,0.5126229662755462,0.00035770910995069904,0.2350828478986278,0.011187698112723715,0.021868038996024186,0.0032533337018878505,0.1244295376341599,0.00041960208238539867,0.0020439352953404155,2.602573727427079,1.312849490273814,0.002076567757482904,0.1520033246370369,0.0012588467408887194,0.0011025091962985067,0.0954686691715092,0.0064080626292994936,0.001060503073348101,0.9993584053521052,0.0689778368666808,0.0004889141576888967,0.007458095737773104,0.004159212354818614,0.013294553399347375,0.01043904024966441,0.04165491201750693,0.006488157557205776,0.06455068722248325,1.0237594221869997,0.015397474201101796,0.0,1.7266447429436274,0.0031868449697432036,0.010696132783320988,0.008828776494255619,0.0013551266176732857,0.5899005303664386,1.5442512017917622,0.0,0.0,2.2137019321819147,0.0026837873248796162,0.6591293747677046,0.6749228395061728,0.004050780648414132,0.010960808146626588,0.0053028942362834015,0.003330283282105939,1.296577954174302,0.008572044238653376,0.005471034105150707,0.00019035856472549018,1.5442512017917622,2.65733024691358,1.34047102043046,0.004280853108306726,1.7405147620752996,0.0028222947379916985,0.0033654554020441374,1.288232044755843,0.0024014444523809964,0.0587161724180326,0.0339862449531924,0.0035464906037185997,0.003307540170612605,0.002742633659608803,0.0,0.0,0.0,0.0
I,0.0,0.0,0.0,0.0,0.0,0.0,0.0,0.0,0.0,0.0,0.0,0.0,0.0,0.0,0.0,0.0,0.0,0.0,0.0,0.0,0.0,0.0423940836720648,0.006501400812472094,0.0052737895652313,0.0214357816370373,0.4636866079893404,0.5126229662755462,0.00035770910995069904,0.2359924667964201,0.006967565335873505,0.021868038996024186,0.003530608964562809,0.118221105968558,0.00041960208238539867,0.0020439352953404155,2.602573727427079,1.312849490273814,0.0016988869748055038,0.1520033246370369,0.0,0.0011025091962985067,0.0954686691715092,0.007184068815038691,0.001060503073348101,0.9993584053521052,0.0689778368666808,0.007117978883703899,0.005750668166182901,0.0028393993162416087,0.014649579888961428,0.011807984340442501,0.04390804709218843,0.0123049718636241,0.06455068722248325,1.0237594221869997,0.0032699784190684013,1.6597011273924511,1.7266447429436274,0.00478620087984849,0.0,0.009777727562444993,0.00033679777668738087,0.5892003846670674,1.5442512017917622,1.6765900732690135,0.0,2.2137019321819147,0.0019197654336834402,0.6591293747677046,0.6749228395061728,0.004050780648414132,0.0007158275619969512,0.0053028942362834015,0.005743111777050169,1.296577954174302,0.008572044238653376,0.005471034105150707,0.0,1.5442512017917622,2.65733024691358,1.34047102043046,0.004280853108306726,1.7405147620752996,0.0028222947379916985,0.004092819332167541,1.2877222617777293,0.0024014444523809964,0.0576933327551665,0.0368046424044276,0.0,0.003307540170612605,0.002742633659608803,0.0,0.0,0.0,0.0
L,0.0,0.0,0.0,0.0,0.0,0.0,0.0,0.0,0.0,0.0,0.0,0.0,0.0,0.0,0.0,0.0,0.0,0.0,0.0,0.0,0.0,0.05183283831167659,0.007603910008770504,0.0,0.03291704452609523,0.4636866079893404,0.5126229662755462,0.00035770910995069904,0.2342069444561203,0.006967565335873505,0.021868038996024186,0.0032533337018878505,0.118221105968558,0.00041960208238539867,0.0020439352953404155,2.602573727427079,1.312849490273814,0.0,0.1458072818342231,0.5868636751503156,0.0,0.0954686691715092,0.0,0.001060503073348101,0.9993584053521052,0.0689778368666808,0.007117978883703899,0.0,0.0019858729914803003,0.013817493920247004,0.008959093304230309,0.04325105803162743,0.0,0.06455068722248325,1.0237594221869997,0.0032699784190684013,1.6597011273924511,1.7266447429436274,0.00478620087984849,0.37773846139407785,0.016620194107031194,0.0,0.6012901313718112,1.5442512017917622,1.6765900732690135,0.0,2.2137019321819147,0.0019197654336834402,0.6591293747677046,0.6749228395061728,0.004050780648414132,0.0007158275619969512,0.0053028942362834015,0.0,1.296577954174302,0.008572044238653376,0.005471034105150707,0.5020045208151926,1.5442512017917622,2.65733024691358,1.34047102043046,0.004280853108306726,1.7405147620752996,0.009961912126431216,0.0,1.291566798092103,0.0024014444523809964,0.0587140804090894,0.0361513274142128,0.0076968658088387,0.003307540170612605,0.002742633659608803,0.0,0.0,0.0,0.0
K,0.0,0.0,0.0,0.0,0.0,0.0,0.0,0.0,0.0,0.0,0.0,0.0,0.0,0.0,0.0,0.0,0.0,0.0,0.0,0.0,0.0,0.012760235415790633,0.006501400812472094,0.0394682575180557,0.0,0.4780613137191669,0.5126229662755462,0.00035770910995069904,0.223316774415115,0.01267432809865901,0.0,0.0032533337018878505,0.118221105968558,0.009257993939026599,0.0,2.602573727427079,1.312849490273814,0.0404384916037453,0.1938281119096847,0.5868636751503156,0.7398001136890753,0.0954686691715092,0.3120542234334575,0.005483026267050217,0.9993584053521052,0.0689778368666808,0.007117978883703899,0.0959753628530847,0.005368083462581691,0.0,0.0,0.0,0.260315545650067,0.0,1.0864401687235798,0.015189697063279384,1.6597011273924511,1.703808003937025,0.0,0.3592116958855579,0.008828776494255619,0.406205589649384,0.5899005303664386,1.5442512017917622,1.6765900732690135,0.0,2.2137019321819147,0.0,0.6591293747677046,0.6749228395061728,0.004050780648414132,0.0007158275619969512,0.0053028942362834015,0.5502174630123773,1.296577954174302,0.008572044238653376,0.0,0.5020045208151926,1.5442512017917622,2.65733024691358,1.34047102043046,0.0,1.7405147620752996,0.008415354335211997,0.6682211336718537,1.288232044755843,0.0,0.07761111038261831,0.02355066674511999,0.0038532599359266673,0.008635601324946104,0.0,0.0,0.0,0.0,0.0
M,0.0,0.0,0.0,0.0,0.0,0.0,0.0,0.0,0.0,0.0,0.0,0.0,0.0,0.0,0.0,0.0,0.0,0.0,0.0,0.0,0.0,0.0423940836720648,0.006501400812472094,0.0394682575180557,0.9379977960946976,0.4636866079893404,0.5126229662755462,0.00035770910995069904,0.2350828478986278,0.006967565335873505,1.0101394566804638,0.0,0.118221105968558,0.00041960208238539867,0.6166900124394015,2.602573727427079,1.312849490273814,0.041965232675588,0.1505176443275553,0.5868636751503156,0.7398001136890753,0.0954686691715092,0.3136302296322749,0.001060503073348101,0.9993584053521052,0.0689778368666808,0.007117978883703899,0.09360300084623341,0.003437365089407396,0.9726461235240961,0.1834239573874414,1.2027106654577517,0.260431005197353,1.3101082591929265,1.0237594221869997,0.0032699784190684013,1.6597011273924511,1.7266447429436274,0.3378442410665644,0.361455405300266,0.0,0.407699939718939,0.5899005303664386,1.5442512017917622,1.6765900732690135,0.0,2.2137019321819147,0.3529692189761897,0.6591293747677046,0.6749228395061728,0.004050780648414132,0.0007158275619969512,0.0053028942362834015,0.5500164028466598,1.296577954174302,0.008572044238653376,2.173552813676781,0.5020045208151926,1.5442512017917622,2.65733024691358,1.34047102043046,2.1412962363072325,1.7405147620752996,0.0063164826858653,0.6655573670214658,1.288232044755843,1.0486718662292724,0.057850852160173404,0.041620448907771494,0.0076968658088387,0.003307540170612605,0.027494884442892,0.0,0.0,0.0,0.0
F,0.0,0.0,0.0,0.0,0.0,0.0,0.0,0.0,0.0,0.0,0.0,0.0,0.0,0.0,0.0,0.0,0.0,0.0,0.0,0.0,0.0,0.0423940836720648,0.0,0.0394682575180557,0.9379977960946976,0.4636866079893404,0.5126229662755462,0.0,0.2350828478986278,0.006967565335873505,1.0101394566804638,0.6997666271148872,0.118221105968558,0.00041960208238539867,0.6166900124394015,2.602573727427079,1.312849490273814,0.041948162605221,0.1520033246370369,0.5868636751503156,0.7398001136890753,0.0954686691715092,0.3120542234334575,0.001060503073348101,0.9993584053521052,0.0689778368666808,0.007117978883703899,0.0959753628530847,0.0028393993162416087,0.9743619561532288,0.1834239573874414,1.20079878873884,0.2618419314175827,1.3101082591929265,1.0237594221869997,0.0032699784190684013,1.6599529717689474,1.7266447429436274,0.3378442410665644,0.3592116958855579,0.6586064308275374,0.406205589649384,0.5899005303664386,1.5442512017917622,1.6765900732690135,0.0,2.2137019321819147,0.3531827657589605,0.6591293747677046,0.6749228395061728,0.004050780648414132,0.0007158275619969512,0.0,0.5502174630123773,1.296577954174302,0.008572044238653376,2.173552813676781,0.5020045208151926,1.5442512017917622,2.65733024691358,1.34047102043046,2.1412962363072325,1.7405147620752996,0.0,0.6697475194393696,1.288232044755843,1.0486718662292724,0.0587161724180326,0.0368046424044276,0.0076968658088387,0.003307540170612605,0.027494884442892,0.0,0.0,0.0,0.0
P,0.0,0.0,0.0,0.0,0.0,0.0,0.0,0.0,0.0,0.0,0.0,0.0,0.0,0.0,0.0,0.0,0.0,0.0,0.0,0.0,0.0,0.0417374436891995,0.1203090170005747,0.0394682575180557,0.9379977960946976,0.4636866079893404,0.5124055898567816,0.479760509832518,0.2350828478986278,0.0,1.015041627331677,0.6997666271148872,0.118221105968558,0.00041960208238539867,0.6172754286213488,2.602573727427079,1.312849490273814,0.0423639664996042,0.1520033246370369,0.5868636751503156,0.7398001136890753,0.0954686691715092,0.3120542234334575,0.00038826902994780477,0.9943363900352988,0.0689778368666808,0.007408230500225599,0.0959753628530847,0.008843800204530794,0.9714466018533565,0.1834239573874414,1.20079878873884,0.260315545650067,1.3101082591929265,1.0237594221869997,0.0032699784190684013,1.6597011273924511,1.7266447429436274,0.3378442410665644,0.3592116958855579,0.6586064308275374,0.406205589649384,0.5899005303664386,1.5442512017917622,1.6765900732690135,0.0,2.2137019321819147,0.3531827657589605,0.6591293747677046,0.6749228395061728,0.004050780648414132,0.0,0.0338242696434258,0.5502174630123773,1.296577954174302,0.008572044238653376,2.173552813676781,0.5020045208151926,1.5442512017917622,2.65733024691358,1.34047102043046,2.1412962363072325,1.7405147620752996,0.0988173753569866,0.6682211336718537,1.288232044755843,1.0486718662292724,0.058401393234407795,0.0373900585863749,0.0076968658088387,0.003307540170612605,0.027494884442892,0.0,0.0,0.0,0.0
S,0.0,0.0,0.0,0.0,0.0,0.0,0.0,0.0,0.0,0.0,0.0,0.0,0.0,0.0,0.0,0.0,0.0,0.0,0.0,0.0,0.0,0.0423940836720648,0.1203090170005747,0.0394682575180557,0.9379977960946976,0.46592407036666766,0.5126229662755462,0.479760509832518,0.2350828478986278,0.19880711959767758,1.0091437813239605,0.6997666271148872,0.1297386139688347,0.0,0.6261042730415676,2.602573727427079,1.312849490273814,0.04397153485331359,0.1520033246370369,0.5868636751503156,0.7398001136890753,0.099791008626918,0.3120542234334575,0.005371799195439009,0.9993584053521052,0.0652943936659262,0.003755469653797028,0.0947203885665258,0.001491462496238903,0.9738244251638627,0.18127753467565508,1.20079878873884,0.260315545650067,1.3101082591929265,1.0237594221869997,0.0032699784190684013,1.6597011273924511,1.7266447429436274,0.339768104209967,0.3592116958855579,0.6586064308275374,0.406433813504311,0.600428499180811,1.5442512017917622,1.6765900732690135,0.7592094122145745,2.2137019321819147,0.3531827657589605,0.6555188483599595,0.6749228395061728,0.0,0.5954828559784757,0.0348055294454062,0.5502174630123773,1.2963172732295996,0.006532471385634703,2.173552813676781,0.5020045208151926,1.5442512017917622,2.65733024691358,1.34047102043046,2.1412962363072325,1.7405147620752996,0.1010548377343139,0.6682211336718537,1.2941107986874545,1.046927778606446,0.051432481348713296,0.03652316532327209,0.00941317179723341,0.0,0.027209231435535098,0.0,0.0,0.0,0.0
T,0.0,0.0,0.0,0.0,0.0,0.0,0.0,0.0,0.0,0.0,0.0,0.0,0.0,0.0,0.0,0.0,0.0,0.0,0.0,0.0,0.0,0.0423940836720648,0.1203090170005747,0.0394682575180557,0.9379977960946976,0.4636866079893404,0.5126229662755462,0.479760509832518,0.2350828478986278,0.19839318654257299,1.0157229338853582,0.6997666271148872,0.10985069789130489,0.0280825068382937,0.6222483266355198,2.602573727427079,1.312849490273814,0.0423639664996042,0.1520033246370369,0.5868636751503156,0.7398001136890753,0.0954686691715092,0.3142608759433905,0.0,0.9993584053521052,0.0787186047351833,0.0,0.0938854703118526,0.0,0.9754023494279447,0.179763295651711,1.2063571029349585,0.260315545650067,1.3122237617364676,1.026186741133966,0.0032699784190684013,1.6597011273924511,1.7266447429436274,0.3406235958631322,0.3592116958855579,0.6586064308275374,0.406205589649384,0.5899005303664386,1.5442512017917622,1.6765900732690135,0.7592094122145745,2.2137019321819147,0.352950705859418,0.6591293747677046,0.6749228395061728,0.8754114932280632,0.6069504637975272,0.0338242696434258,0.5502174630123773,1.2969609492930845,0.0,2.173552813676781,0.5020045208151926,1.5442512017917622,2.65733024691358,1.34047102043046,2.1412962363072325,1.7391019328369626,0.0988173753569866,0.6682211336718537,1.2871777476177226,1.0486718662292724,0.06165696734844758,0.0358791426341198,0.008676789780268,0.0690605206451044,0.027494884442892,0.0,0.0,0.0,0.0
W,0.0,0.0,0.0,0.0,0.0,0.0,0.0,0.0,0.0,0.0,0.0,0.0,0.0,0.0,0.0,0.0,0.0,0.0,0.0,0.0,0.0,0.0423940836720648,0.1146675361176197,0.0394682575180557,0.9379977960946976,0.4636866079893404,0.5126229662755462,0.479760509832518,0.2350828478986278,0.1990446739890227,1.0101394566804638,0.6997666271148872,0.118221105968558,0.0280825068382937,0.6166900124394015,2.602573727427079,1.312849490273814,0.0423639664996042,0.1520033246370369,0.5868636751503156,0.7398001136890753,0.0954686691715092,0.3120542234334575,0.0106315363522509,0.9993584053521052,0.0689778368666808,0.1031265533944113,0.0959753628530847,0.2030894801727061,0.9743619561532288,0.1834239573874414,1.20079878873884,0.260315545650067,1.3101082591929265,1.0237594221869997,0.0032699784190684013,1.6597011273924511,1.7266447429436274,0.3378442410665644,0.3592116958855579,0.6586064308275374,0.406205589649384,0.5899005303664386,1.5442512017917622,1.6765900732690135,0.7592094122145745,2.2137019321819147,0.3531827657589605,0.6591293747677046,0.6749228395061728,0.878825216683933,0.5978247509473493,0.0338242696434258,0.5502174630123773,1.296577954174302,0.2067883677545513,2.173552813676781,0.5020045208151926,1.5442512017917622,2.65733024691358,1.34047102043046,2.1412962363072325,1.7405147620752996,0.0988173753569866,0.6682211336718537,1.288232044755843,1.0486718662292724,0.0587161724180326,0.0368046424044276,0.0076968658088387,0.0688839349319996,0.027494884442892,0.0,0.0,0.0,0.0
Y,0.0,0.0,0.0,0.0,0.0,0.0,0.0,0.0,0.0,0.0,0.0,0.0,0.0,0.0,0.0,0.0,0.0,0.0,0.0,0.0,0.0,0.0423940836720648,0.11842882686648049,0.036190934674464104,0.9379977960946976,0.4636866079893404,0.5126229662755462,0.479760509832518,0.2350828478986278,0.1990446739890227,1.0101394566804638,0.6997666271148872,0.118221105968558,0.0280825068382937,0.6166900124394015,2.602573727427079,1.312849490273814,0.0423639664996042,0.1520033246370369,0.5868636751503156,0.7398001136890753,0.0954686691715092,0.3120542234334575,0.0106315363522509,0.9993584053521052,0.0689778368666808,0.1031265533944113,0.0959753628530847,0.2030894801727061,0.9734002911059851,0.1834239573874414,1.20079878873884,0.260315545650067,1.3101082591929265,1.0237594221869997,0.0032699784190684013,1.6597011273924511,1.7266447429436274,0.3378442410665644,0.3592116958855579,0.6586064308275374,0.406205589649384,0.5899005303664386,1.5442512017917622,1.678030024254083,0.7592094122145745,2.2137019321819147,0.3531827657589605,0.6591293747677046,0.6749228395061728,0.878825216683933,0.5978247509473493,0.038195372605635325,0.5502174630123773,1.296577954174302,0.2070490595699552,2.173552813676781,0.5020045208151926,1.5442512017917622,2.65733024691358,1.34047102043046,2.1412962363072325,1.7405147620752996,0.0988173753569866,0.6682211336718537,1.288232044755843,1.0486718662292724,0.0587161724180326,0.0368046424044276,0.0076968658088387,0.0691446267474035,0.027494884442892,0.0,0.0,0.0,0.0
V,0.0,0.0,0.0,0.0,0.0,0.0,0.0,0.0,0.0,0.0,0.0,0.0,0.0,0.0,0.0,0.0,0.0,0.0,0.0,0.0,0.0,0.0423940836720648,0.1203090170005747,0.04061237378732811,0.9379977960946976,0.4636866079893404,0.5126229662755462,0.4806739608426896,0.2350828478986278,0.1980035726106327,1.0101394566804638,0.7013046302622058,0.118221105968558,0.0280825068382937,0.6166900124394015,2.602573727427079,1.312849490273814,0.0410032314502871,0.1520033246370369,0.584686074032987,0.7398001136890753,0.0954686691715092,0.3047112783969904,0.0106315363522509,0.9995221908513281,0.0689778368666808,0.1031265533944113,0.0960353015087177,0.20232139098446772,0.9743619561532288,0.18315324355726528,1.20079878873884,0.2582149085062812,1.3101082591929265,1.0237594221869997,0.0,1.6597011273924511,1.7266447429436274,0.3378442410665644,0.3527203788977511,0.6586064308275374,0.40273172795024526,0.5894495465323268,1.5442512017917622,1.6765900732690135,0.7592094122145745,2.2137019321819147,0.3531827657589605,0.6591293747677046,0.6749228395061728,0.878825216683933,0.5978247509473493,0.0338242696434258,0.5507223872922586,1.296577954174302,0.2067883677545513,2.173552813676781,0.5021956813371045,1.5442512017917622,2.65733024691358,1.34047102043046,2.1412962363072325,1.7401801814304263,0.1062159551712162,0.6682211336718537,1.2870730744400065,1.0486718662292724,0.0587161724180326,0.0396916411595987,0.0076968658088387,0.0688839349319996,0.027494884442892,0.0,0.0,0.0,0.0
